date,new_tweets_count,new_cases,tweets_cases_7_average,cases_7_average,tweets_cases_14_average,cases_14_average
1/21/20,3,1,0,0,0,0
1/22/20,3,0,0,0,0,0
1/23/20,4,0,0,0,0,0
1/24/20,4,1,0,0,0,0
1/25/20,1,1,0,0,0,0
1/26/20,3,2,2.142857143,0.428571429,1.285714286,0.357142857
1/27/20,1,0,2.571428571,0.714285714,1.142857143,0.285714286
1/29/20,2,0,2.285714286,0.571428571,1.071428571,0.285714286
1/30/20,3,0,2.142857143,0.571428571,1,0.285714286
1/31/20,8,1,2,0.571428571,1.285714286,0.285714286
2/1/20,3,1,2.571428571,0.571428571,1.428571429,0.285714286
2/2/20,3,1,2.857142857,0.571428571,1.428571429,0.214285714
2/3/20,13,3,2.857142857,0.428571429,2.285714286,0.428571429
2/4/20,5,0,4.571428571,0.857142857,2.5,0.428571429
2/5/20,5,0,5,0.857142857,2.642857143,0.428571429
2/6/20,4,1,5.285714286,0.857142857,2.357142857,0.428571429
2/7/20,7,0,4.714285714,0.857142857,2.642857143,0.357142857
2/8/20,1,0,5.285714286,0.714285714,2.5,0.285714286
2/9/20,1,0,5,0.571428571,1.642857143,0.071428571
2/10/20,1,0,3.285714286,0.142857143,1.357142857,0.071428571
2/11/20,3,1,2.714285714,0.142857143,1.214285714,0.142857143
2/12/20,2,0,2.428571429,0.285714286,1.071428571,0.071428571
2/13/20,3,1,2.142857143,0.142857143,0.785714286,0.142857143
2/14/20,4,1,1.571428571,0.285714286,1,0.214285714
2/15/20,1,0,2,0.428571429,1,0.214285714
2/16/20,2,0,2,0.428571429,1.071428571,0.214285714
2/17/20,5,0,2.142857143,0.428571429,1.214285714,0.142857143
2/18/20,7,10,2.428571429,0.285714286,1.571428571,0.857142857
2/19/20,5,0,3.142857143,1.714285714,1.714285714,0.785714286
2/20/20,4,0,3.428571429,1.571428571,1.714285714,0.714285714
2/21/20,9,2,3.428571429,1.428571429,2.285714286,0.857142857
2/22/20,5,3,4.571428571,1.714285714,2.5,1.071428571
2/23/20,6,0,5,2.142857143,2.571428571,1.071428571
2/24/20,10,0,5.142857143,2.142857143,2.785714286,0.357142857
2/25/20,7,13,5.571428571,0.714285714,2.928571429,1.285714286
2/26/20,16,2,5.857142857,2.571428571,3.785714286,1.428571429
2/27/20,24,15,7.571428571,2.857142857,4.857142857,2.357142857
2/28/20,29,0,9.714285714,4.714285714,6.571428571,2.142857143
2/29/20,20,5,13.14285714,4.285714286,7.571428571,2.5
3/1/20,13,5,15.14285714,5,7.785714286,2.857142857
3/2/20,35,18,15.57142857,5.714285714,9.785714286,3.214285714
3/3/20,32,16,19.57142857,6.428571429,10.92857143,4.214285714
3/4/20,28,21,21.85714286,8.428571429,11.21428571,4.642857143
3/5/20,29,36,22.42857143,9.285714286,11.21428571,7.214285714
3/6/20,47,67,22.42857143,14.42857143,13.14285714,11.64285714
3/7/20,43,83,26.28571429,23.28571429,15.28571429,17.21428571
3/8/20,70,117,30.57142857,34.42857143,17.78571429,24.28571429
3/9/20,88,119,35.57142857,48.57142857,21.78571429,31.64285714
3/10/20,80,201,43.57142857,63.28571429,25.5,44.5
3/11/20,122,270,51,89,32.14285714,61.21428571
3/12/20,504,245,64.28571429,122.4285714,64.78571429,73.92857143
3/13/20,409,405,129.5714286,147.8571429,90.92857143,96.92857143
3/14/20,239,556,181.8571429,193.8571429,103,128.2857143
3/15/20,247,674,206,256.5714286,114.3571429,167.9285714
3/16/20,489,702,228.7142857,335.8571429,143.5714286,203.7142857
3/17/20,431,907,287.1428571,407.4285714,165.6428571,249.2142857
3/18/20,376,1399,331.2857143,498.4285714,156.5,331.6428571
3/19/20,497,2444,313,663.2857143,162.7857143,477.2857143
3/20/20,434,4043,325.5714286,954.5714286,176.7142857,726.3571429
3/21/20,364,5619,353.4285714,1452.714286,185.0714286,1079.571429
3/22/20,331,6516,370.1428571,2159.142857,173.7857143,1494.857143
3/23/20,242,8545,347.5714286,2989.714286,160.2857143,2040.428571
3/24/20,250,10432,320.5714286,4080.857143,151.2857143,2685.642857
3/25/20,289,10433,302.5714286,5371.285714,136.4285714,3256.285714
3/26/20,249,14634,272.8571429,6512.571429,123.2142857,4012.785714
3/27/20,377,16998,246.4285714,8025.571429,124.1428571,4825.571429
3/28/20,335,17330,248.2857143,9651.142857,124.4285714,5598
3/29/20,304,21066,248.8571429,11196,128.8571429,6492.357143
3/30/20,309,18520,257.7142857,12984.71429,133.0714286,7070.071429
3/31/20,310,21469,266.1428571,14140.14286,134.5714286,7858.357143
4/1/20,287,24506,269.1428571,15716.71429,137.2857143,8563.5
4/2/20,237,26930,274.5714286,17127,127.2857143,9272.928571
4/3/20,224,29717,254.5714286,18545.85714,119.3571429,10157.71429
4/4/20,181,32318,238.7142857,20315.42857,110.5714286,10961.42857
4/5/20,204,35099,221.1428571,21922.85714,103.0714286,12145.64286
4/6/20,253,25616,206.1428571,24291.28571,99,12441.85714
4/7/20,204,30916,198,24883.71429,93.07142857,12899.71429
4/8/20,175,30337,186.1428571,25799.42857,88.64285714,13143.07143
4/9/20,200,31820,177.2857143,26286.14286,86.92857143,13293.28571
4/10/20,172,34699,173.8571429,26586.57143,86.28571429,13463.35714
4/11/20,159,33473,172.5714286,26926.71429,83.07142857,13347.21429
4/12/20,133,31720,166.1428571,26694.42857,74.5,13783.21429
4/13/20,150,27143,149,27566.42857,70.64285714,13513.71429
4/14/20,147,25769,141.2857143,27027.42857,68.64285714,13187.42857
4/15/20,178,26691,137.2857143,26374.85714,67.07142857,12821.07143
4/16/20,218,30033,134.1428571,25642.14286,70.35714286,12487.78571
4/17/20,222,31613,140.7142857,24975.57143,74.85714286,12354.92857
4/18/20,149,31509,149.7142857,24709.85714,76,12339.85714
4/19/20,132,28398,152,24679.71429,74.71428571,12429.5
4/20/20,176,25334,149.4285714,24859,76.78571429,12398.42857
4/21/20,153,27395,153.5714286,24796.85714,75,12448.71429
4/22/20,149,25514,150,24897.42857,70.07142857,12125.92857
4/23/20,186,28831,140.1428571,24251.85714,67.5,11927.21429
4/24/20,142,33776,135,23854.42857,67,12089.14286
4/25/20,141,36741,134,24178.28571,67.64285714,12685.07143
4/26/20,126,34408,135.2857143,25370.14286,64.07142857,13333.21429
4/27/20,161,26735,128.1428571,26666.42857,64.64285714,13286.07143
4/28/20,158,23197,129.2857143,26572.14286,65.28571429,13120.57143
4/29/20,141,24653,130.5714286,26241.14286,62.07142857,12822.14286
4/30/20,126,26555,124.1428571,25644.28571,60.92857143,12306.35714
5/1/20,171,30357,121.8571429,24612.71429,63.07142857,11850.35714
5/2/20,141,33970,126.1428571,23700.71429,64.14285714,11819.07143
5/3/20,132,29474,128.2857143,23638.14286,62.07142857,12014.71429
5/4/20,122,26140,124.1428571,24029.42857,59.5,12224.92857
5/5/20,140,21962,119,24449.85714,59.42857143,12032.71429
5/6/20,142,23707,118.8571429,24065.42857,60.57142857,11829.28571
5/7/20,155,24508,121.1428571,23658.57143,59.42857143,11411.5
5/8/20,137,28476,118.8571429,22823,59.14285714,11019.07143
5/9/20,127,27648,118.2857143,22038.14286,58.78571429,10888.64286
5/10/20,104,24868,117.5714286,21777.28571,57.5,10797.78571
5/11/20,134,20317,115,21595.57143,57.07142857,10680.28571
5/12/20,156,17621,114.1428571,21360.57143,58.07142857,10245.57143
5/13/20,124,22300,116.1428571,20491.14286,55.85714286,10087.85714
5/14/20,118,21145,111.7142857,20175.71429,54.5,9564.214286
5/15/20,131,26962,109,19128.42857,54.78571429,9515.214286
5/16/20,102,26237,109.5714286,19030.42857,54.64285714,9613
5/17/20,107,23659,109.2857143,19226,52.71428571,9851.714286
5/18/20,146,19014,105.4285714,19703.42857,52,9951.214286
5/19/20,157,21827,104,19902.42857,54.35714286,9917.428571
5/20/20,139,20977,108.7142857,19834.85714,55.85714286,9905.428571
5/21/20,129,23070,111.7142857,19810.85714,55.71428571,9627.428571
5/22/20,125,25733,111.4285714,19254.85714,57.35714286,9591.428571
5/23/20,163,23799,114.7142857,19182.85714,61.35714286,9601.428571
5/24/20,106,22268,122.7142857,19202.85714,58.5,9833.857143
5/25/20,110,20031,117,19667.71429,55.14285714,9705.571429
5/26/20,103,19100,110.2857143,19411.14286,52.57142857,9571.5
5/27/20,120,18896,105.1428571,19143,51.92857143,9273.357143
5/28/20,150,18744,103.8571429,18546.71429,53.71428571,8774.142857
5/29/20,111,22512,107.4285714,17548.28571,50,8682.214286
5/30/20,105,24548,100,17364.42857,49.92857143,8845.071429
5/31/20,67,23397,99.85714286,17690.14286,46.85714286,9085.5
6/1/20,102,20634,93.71428571,18171,46.78571429,9195.071429
6/2/20,82,21897,93.57142857,18390.14286,44.07142857,9409.428571
6/3/20,95,20791,88.14285714,18818.85714,40.14285714,9555.642857
6/4/20,140,19987,80.28571429,19111.28571,42.21428571,9375.285714
6/5/20,147,21616,84.42857143,18750.57143,45.21428571,9165.857143
6/6/20,101,28709,90.42857143,18331.71429,47.64285714,9545.285714
6/7/20,85,22516,95.28571429,19090.57143,46.42857143,9679.714286
6/8/20,161,18616,92.85714286,19359.42857,52.07142857,9445.357143
6/9/20,127,18207,104.1428571,18890.71429,54.35714286,9260.785714
6/10/20,140,18805,108.7142857,18521.57143,54.35714286,9176.357143
6/11/20,114,22852,108.7142857,18352.71429,52,9264.642857
6/12/20,142,23202,104,18529.28571,54.92857143,8871.285714
6/13/20,267,25493,109.8571429,17742.57143,67.92857143,9083.928571
6/14/20,120,25334,135.8571429,18167.85714,65,9563.785714
6/15/20,162,19130,130,19127.57143,67.5,9629.714286
6/16/20,177,20117,135,19259.42857,70.14285714,9723.428571
6/17/20,195,24885,140.2857143,19446.85714,75.92857143,9868.642857
6/18/20,199,25655,151.8571429,19737.28571,80,10043.85714
6/19/20,193,28059,160,20087.71429,74.71428571,10227.14286
6/20/20,212,30836,149.4285714,20454.28571,81.28571429,10620.14286
6/21/20,197,32025,162.5714286,21240.28571,83.78571429,11541.21429
6/22/20,227,26379,167.5714286,23082.42857,87.35714286,11988.5
6/23/20,337,30466,174.7142857,23977,97.5,12387.14286
6/24/20,308,35060,195,24774.28571,105.2857143,13058.92857
6/25/20,298,36989,210.5714286,26117.85714,112.7857143,13696.78571
6/26/20,330,41173,225.5714286,27393.57143,121.2142857,14435.14286
6/27/20,257,45528,242.4285714,28870.28571,125.5,15399.64286
6/28/20,229,42299,251,30799.28571,125.6428571,16536.78571
6/29/20,263,39508,251.2857143,33073.57143,120.3571429,17182.64286
6/30/20,303,39496,240.7142857,34365.28571,120,17499.5
7/1/20,321,48389,240,34999,121.6428571,18313.78571
7/2/20,302,49975,243.2857143,36627.57143,119.6428571,18942.5
7/3/20,301,55559,239.2857143,37885,122.7857143,19659
7/4/20,591,57154,245.5714286,39318,148.6428571,20720.07143
7/5/20,247,50006,297.2857143,41440.14286,147.5,21469.92857
7/6/20,320,44767,295,42939.85714,148.7142857,21846.42857
7/7/20,332,47316,297.4285714,43692.85714,149.5,21769.78571
7/8/20,316,54084,299,43539.57143,150.5,22063.28571
7/9/20,314,59455,301,44126.57143,151.4285714,22341.57143
7/10/20,324,59889,302.8571429,44683.14286,132.3571429,22536.92857
7/11/20,460,68227,264.7142857,45073.85714,147.5714286,23838.42857
7/12/20,391,60721,295.1428571,47676.85714,152.6428571,24978
7/13/20,320,57805,305.2857143,49956,151.7857143,25727.21429
7/14/20,314,61567,303.5714286,51454.42857,151.6428571,26261.71429
7/15/20,343,65602,303.2857143,52523.42857,153.7142857,26700.78571
7/16/20,370,68342,307.4285714,53401.57143,157,27304.57143
7/17/20,368,75687,314,54609.14286,150.4285714,27837.42857
7/18/20,287,70923,300.8571429,55674.85714,143,28566.14286
7/19/20,300,62451,286,57132.28571,141.5714286,28898
7/20/20,298,62275,283.1428571,57796,140.4285714,28948.57143
7/21/20,298,59888,280.8571429,57897.14286,137.2142857,28540.42857
7/22/20,342,65277,274.4285714,57080.85714,135.2142857,28321.5
7/23/20,274,69739,270.4285714,56643,128.5,27896.64286
7/24/20,271,70006,257,55793.28571,127.3571429,27831.14286
7/25/20,246,73525,254.7142857,55662.28571,123.5,28622.14286
7/26/20,204,66776,247,57244.28571,116.7857143,28943.64286
7/27/20,257,54217,233.5714286,57887.28571,113.8571429,28538.57143
7/28/20,228,59181,227.7142857,57077.14286,105.7142857,28103.14286
7/29/20,282,63116,211.4285714,56206.28571,106.2857143,27630.07143
7/30/20,272,66782,212.5714286,55260.14286,106.3571429,27399.78571
7/31/20,222,68948,212.7142857,54799.57143,104.6428571,27072.85714
8/1/20,199,69088,209.2857143,54145.71429,104.2857143,27238
8/2/20,286,56828,208.5714286,54476,106.3571429,27424.5
8/3/20,230,50794,212.7142857,54849,106.5,26825.42857
8/4/20,218,47484,213,53650.85714,101.9285714,25708.85714
8/5/20,196,53549,203.8571429,51417.71429,96.5,24763.64286
8/6/20,248,53723,193,49527.28571,98.35714286,23676.14286
8/7/20,234,57514,196.7142857,47352.28571,100.8571429,22849.42857
8/8/20,160,61157,201.7142857,45698.85714,91.85714286,23158.64286
8/9/20,172,55240,183.7142857,46317.28571,87.71428571,23476.21429
8/10/20,259,48480,175.4285714,46952.42857,90.64285714,23547.35714
8/11/20,195,47173,181.2857143,47094.71429,90.57142857,23091.92857
8/12/20,186,53357,181.1428571,46183.85714,86.14285714,23065.78571
8/13/20,216,54278,172.2857143,46131.57143,84.85714286,22834.64286
8/14/20,195,54061,169.7142857,45669.28571,87.35714286,22327.78571
8/15/20,168,59477,174.7142857,44655.57143,87.07142857,22630.42857
8/16/20,151,50743,174.1428571,45260.85714,79.35714286,22792.07143
8/17/20,178,42137,158.7142857,45584.14286,78.14285714,22432.35714
8/18/20,179,37523,156.2857143,44864.71429,77.64285714,21301.35714
8/19/20,199,43233,155.2857143,42602.71429,76.42857143,20512.42857
8/20/20,200,43013,152.8571429,41024.85714,76.78571429,19723.28571
8/21/20,186,46042,153.5714286,39446.57143,78.07142857,18763.64286
8/22/20,146,49016,156.1428571,37527.28571,77.71428571,18640.28571
8/23/20,146,45026,155.4285714,37280.57143,75.42857143,18846.64286
8/24/20,217,32333,150.8571429,37693.28571,78.14285714,18475.92857
8/25/20,214,40404,156.2857143,36951.85714,79.21428571,18273.85714
8/26/20,179,39131,158.4285714,36547.71429,77.71428571,17996.57143
8/27/20,181,45147,155.4285714,35993.14286,77.35714286,17932.64286
8/28/20,215,45836,154.7142857,35865.28571,82.28571429,17705.5
8/29/20,182,46564,164.5714286,35411,84.85714286,17815.35714
8/30/20,216,44609,169.7142857,35630.71429,84.78571429,18692.21429
8/31/20,174,33429,169.5714286,37384.42857,81.92857143,18194
9/1/20,132,36487,163.8571429,36388,78.57142857,18005.14286
9/2/20,161,44049,157.1428571,36010.28571,77.14285714,17926.71429
9/3/20,284,32444,154.2857143,35853.42857,82.07142857,16970.14286
9/4/20,172,46397,164.1428571,33940.28571,81.35714286,16958.21429
9/5/20,156,52101,162.7142857,33916.42857,77.07142857,17493.35714
9/6/20,130,42253,154.1428571,34986.71429,73.92857143,18123.64286
9/7/20,141,29998,147.8571429,36247.28571,74.57142857,17660.14286
9/8/20,171,25166,149.1428571,35320.28571,75.28571429,16311.35714
9/9/20,167,28942,150.5714286,32622.71429,66.92857143,16061.21429
9/10/20,190,33332,133.8571429,32122.42857,68.21428571,15128
9/11/20,187,38061,136.4285714,30256,70.42857143,14125.14286
9/12/20,166,47567,140.8571429,28250.28571,73,14504.71429
9/13/20,137,39104,146,29009.42857,72.71428571,15155.14286
9/14/20,167,33343,145.4285714,30310.28571,72.42857143,15739.21429
9/15/20,144,36887,144.8571429,31478.42857,70.78571429,16306.71429
9/16/20,218,39217,141.5714286,32613.42857,72.78571429,16727.07143
9/17/20,168,39268,145.5714286,33454.14286,71.42857143,16813.28571
9/18/20,175,45310,142.8571429,33626.57143,72.07142857,16652.07143
9/19/20,110,48887,144.1428571,33304.14286,70.14285714,17350.85714
9/20/20,106,41811,140.2857143,34701.71429,65.78571429,17955.71429
9/21/20,183,36356,131.5714286,35911.42857,68.57142857,17917.78571
9/22/20,180,54952,137.1428571,35835.57143,65.85714286,19041.71429
9/23/20,227,37391,131.7142857,38083.42857,70.07142857,18907.64286
9/24/20,322,41549,140.1428571,37815.28571,80.57142857,18639
9/25/20,224,45204,161.1428571,37278,88.71428571,18375.92857
9/26/20,168,54581,177.4285714,36751.85714,93.14285714,19288.07143
9/27/20,136,42695,186.2857143,38576.14286,89.78571429,19740.85714
9/28/20,160,37298,179.5714286,39481.71429,88.35714286,18479.85714
9/29/20,187,37360,176.7142857,36959.71429,85.5,18477.64286
9/30/20,202,43697,171,36955.28571,76.92857143,18631.07143
10/1/20,187,42058,153.8571429,37262.14286,74.28571429,18406.35714
10/2/20,1495,46418,148.5714286,36812.71429,169.0714286,17823.28571
10/3/20,620,53580,338.1428571,35646.57143,203.6428571,18600.78571
10/4/20,345,47779,407.2857143,37201.57143,216.8571429,19349.42857
10/5/20,480,35063,433.7142857,38698.85714,237.7857143,19185.35714
10/6/20,488,62413,475.5714286,38370.71429,258.2142857,20522.21429
10/7/20,329,42862,516.4285714,41044.42857,268.3571429,20579.64286
10/8/20,345,53017,536.7142857,41159.28571,186.2142857,21051
10/9/20,303,56382,372.4285714,42102,163.5714286,21251.14286
10/10/20,242,58962,327.1428571,42502.28571,156.2142857,22049.92857
10/11/20,223,51648,312.4285714,44099.85714,137.8571429,23234.57143
10/12/20,278,44783,275.7142857,46469.14286,122.8571429,21975.28571
10/13/20,326,48016,245.7142857,43950.57143,122.6428571,22343.42857
10/14/20,301,54393,245.2857143,44686.85714,119.5,22441.71429
10/15/20,236,59853,239,44883.42857,114.7142857,22689.64286
10/16/20,256,65353,229.4285714,45379.28571,115.7142857,23146.14286
10/17/20,201,70464,231.4285714,46292.28571,114.1428571,24490.14286
10/18/20,186,52761,228.2857143,48980.28571,107.5714286,25060
10/19/20,214,47882,215.1428571,50120,99.57142857,25050.42857
10/20/20,211,65440,199.1428571,50100.85714,93.14285714,25839.5
10/21/20,246,60594,186.2857143,51679,93.85714286,25892.42857
10/22/20,252,64237,187.7142857,51784.85714,93.57142857,25812.71429
10/23/20,236,75130,187.1428571,51625.42857,96.07142857,26146
10/24/20,254,85297,192.1428571,52292,100.9285714,28470
10/25/20,214,78579,201.8571429,56940,100.9285714,30662.64286
10/26/20,261,59715,201.8571429,61325.28571,104.5,30253.71429
10/27/20,311,74638,209,60507.42857,109.1428571,31256.85714
10/28/20,387,74387,218.2857143,62513.71429,118.7857143,31981.85714
10/29/20,319,81882,237.5714286,63963.71429,124.7142857,32464.14286
10/30/20,338,90669,249.4285714,64928.28571,130.7142857,32847.85714
10/31/20,241,99868,261.4285714,65695.71429,132.6428571,34368.5
11/1/20,231,84207,265.2857143,68737,130.5,36117.92857
11/2/20,293,74195,261,72235.85714,129.2142857,36086.28571
11/3/20,285,94006,258.4285714,72172.57143,121.9285714,37487.64286
11/4/20,269,92416,243.8571429,74975.28571,118.3571429,38240.07143
11/5/20,319,108078,236.7142857,76480.14286,117,39483.57143
11/6/20,303,121349,234,78967.14286,121.4285714,41017.92857
11/7/20,385,132823,242.8571429,82035.85714,132.4285714,44490.5
11/8/20,260,125931,264.8571429,88981,130.0714286,48185.92857
11/9/20,429,103323,260.1428571,96371.85714,140.3571429,48851.42857
11/10/20,321,130444,280.7142857,97702.85714,144.0714286,51567.71429
11/11/20,372,139684,288.1428571,103135.4286,147.8571429,53825.28571
11/12/20,453,143039,295.7142857,107650.5714,158.5714286,55374.57143
11/13/20,565,163651,317.1428571,110749.1429,171.4285714,57576.57143
11/14/20,367,181496,342.8571429,115153.1429,179.0714286,61545.5
11/15/20,377,159033,358.1428571,123091,175.3571429,65524.78571
11/16/20,414,135186,350.7142857,131049.5714,182,65863.5
11/17/20,408,166563,364,131727,184.5714286,67783.42857
11/18/20,471,161631,369.1428571,135566.8571,185.8571429,69111.42857
11/19/20,449,172280,371.7142857,138222.8571,177.5714286,69727.78571
11/20/20,863,187508,355.1428571,139455.5714,213,70157.21429
11/21/20,973,198859,426,140314.4286,255.5714286,73001.92857
11/22/20,346,171933,511.1428571,146003.8571,250.7142857,75626.71429
11/23/20,402,140794,501.4285714,151253.4286,250.2857143,73786.07143
11/24/20,383,179623,500.5714286,147572.1429,244,75071.21429
11/25/20,408,177858,488,150142.4286,241.0714286,75469.64286
11/26/20,368,180590,482.1428571,150939.2857,205.7142857,74975.5
11/27/20,273,102994,411.4285714,149951,155.7142857,68128
11/28/20,250,205839,311.4285714,136256,148.8571429,70549.85714
11/29/20,310,151408,297.7142857,141099.7143,142.2857143,71308
11/30/20,419,136122,284.5714286,142616,144.8571429,68200.78571
12/1/20,426,167658,289.7142857,136401.5714,146.1428571,67472.21429
12/2/20,410,184228,292.2857143,134944.4286,149.1428571,67732.07143
12/3/20,402,201172,298.2857143,135464.1429,158.3571429,74744.78571
12/4/20,421,217738,316.7142857,149489.5714,170.5714286,75594.71429
12/5/20,428,231368,341.1428571,151189.4286,179,81306.14286
12/6/20,418,205708,358,162612.2857,178.9285714,86276.57143
12/7/20,465,171921,357.8571429,172553.1429,181.7142857,86581.07143
12/8/20,451,204523,363.4285714,173162.1429,184.6428571,88030.71429
12/9/20,509,219714,369.2857143,176061.4286,192.2857143,89355.14286
12/10/20,415,219716,384.5714286,178710.2857,191.8571429,89496.42857
12/11/20,482,225722,383.7142857,178992.8571,195.7142857,89093.14286
12/12/20,470,280016,391.4285714,178186.2857,199.4285714,94400.85714
12/13/20,394,207532,398.8571429,188801.7143,194.3571429,96944.5
12/14/20,417,184219,388.7142857,193889,191.9285714,95494.21429
12/15/20,372,200885,383.8571429,190988.4286,182.1428571,94149.28571
12/16/20,436,203153,364.2857143,188298.5714,183.6428571,92966.21429
12/17/20,492,244827,367.2857143,185932.4286,184.3571429,94330.85714
12/18/20,452,237709,368.7142857,188661.7143,183.0714286,91308.92857
12/19/20,390,251190,366.1428571,182617.8571,182.7857143,94427.35714
12/20/20,348,193905,365.5714286,188854.7143,177.8571429,95119.21429
12/21/20,456,179911,355.7142857,190238.4286,183.8571429,93621.07143
12/22/20,431,201518,367.7142857,187242.1429,183.5,93504.28571
12/23/20,473,201637,367,187008.5714,182.1428571,90419.28571
12/24/20,447,227763,364.2857143,180838.5714,181.7857143,89708.85714
12/25/20,386,193511,363.5714286,179417.7143,181.5,85588.92857
12/26/20,293,100931,363,171177.8571,177.5714286,78947.92857
12/27/20,290,216861,355.1428571,157895.8571,165.7142857,81587.21429
12/28/20,387,152089,331.4285714,163174.4286,162.5714286,78056.57143
12/29/20,485,189010,325.1428571,156113.1429,163.4285714,77154.64286
12/30/20,561,201030,326.8571429,154309.2857,171.5714286,75245.14286
12/31/20,629,228949,343.1428571,150490.2857,188.9285714,77776.42857
1/1/21,471,231024,377.8571429,155552.8571,201.6428571,87068.78571
1/2/21,460,147248,403.2857143,174137.5714,213.7857143,82096.42857
1/3/21,423,291610,427.5714286,164192.8571,216.3571429,92062.21429
1/4/21,493,201780,432.7142857,184124.4286,216.9285714,92974.35714
1/5/21,534,251830,433.8571429,185948.7143,215,96602.92857
1/6/21,522,235016,430,193205.8571,207.3571429,97036.28571
1/7/21,440,255966,414.7142857,194072.5714,205.1428571,98817.85714
1/8/21,442,280334,410.2857143,197635.7143,203.8571429,108324
1/9/21,404,300777,407.7142857,216648,202.5,108978.7857
1/10/21,366,251919,405,217957.5714,193.4285714,112560.1429
1/11/21,458,208295,386.8571429,225120.2857,188,109450.5
1/12/21,494,226316,376,218901,186,108829.0714
1/13/21,429,229977,372,217658.1429,185.2142857,106972.7143
1/14/21,427,229325,370.4285714,213945.4286,184.1428571,103329.2143
1/15/21,464,239522,368.2857143,206658.4286,188.4285714,98953.85714
1/16/21,352,239853,376.8571429,197907.7143,187.4285714,98092
1/17/21,293,202193,374.8571429,196184,175.6428571,97656.14286
1/18/21,308,170094,351.2857143,195312.2857,162.3571429,93640.28571
1/19/21,344,141133,324.7142857,187280.5714,156.2857143,87294.28571
1/20/21,333,186944,312.5714286,174588.5714,149.5714286,84267.07143
1/21/21,333,185488,299.1428571,168534.1429,140.2142857,80407.5
1/22/21,400,190482,280.4285714,160815,143.6428571,76881
1/23/21,338,191565,287.2857143,153762,146.8571429,76121.85714
1/24/21,238,167917,293.7142857,152243.7143,141.8571429,75966.35714
1/25/21,269,129676,283.7142857,151932.7143,136.5,75148
1/26/21,326,156576,273,150296,136,72978.85714
1/27/21,306,150638,272,145957.7143,134.0714286,70489.57143
1/28/21,276,155770,268.1428571,140979.1429,125.2142857,68010.14286
1/29/21,245,166175,250.4285714,136020.2857,118.5714286,66196.57143
1/30/21,255,164615,237.1428571,132393.1429,119.7857143,65960.71429
1/31/21,217,133800,239.5714286,131921.4286,116.0714286,66255.28571
2/1/21,225,114040,232.1428571,132510.5714,108.8571429,63217
2/2/21,225,141609,217.7142857,126434,103.0714286,62572.07143
2/3/21,245,115256,206.1428571,125144.1429,100.8571429,59678.21429
2/4/21,222,120183,201.7142857,119356.4286,99.21428571,56393.07143
2/5/21,224,125636,198.4285714,112786.1429,97,53608.85714
2/6/21,188,129501,194,107217.7143,94.92857143,53301.78571
2/7/21,164,104947,189.8571429,106603.5714,90.57142857,52652.28571
2/8/21,190,87281,181.1428571,105304.5714,88.07142857,48771.71429
2/9/21,186,92982,176.1428571,97543.42857,83.85714286,47180.71429
2/10/21,175,96390,167.7142857,94361.42857,80.5,45481.21429
2/11/21,185,94975,161,90962.42857,77.71428571,43291.14286
2/12/21,187,105640,155.4285714,86582.28571,77.64285714,41586.78571
2/13/21,143,99627,155.2857143,83173.57143,76.14285714,41206.78571
2/14/21,128,84652,152.2857143,82413.57143,71.71428571,41019
2/15/21,145,63780,143.4285714,82038,68.78571429,38933.14286
2/16/21,122,55272,137.5714286,77866.28571,65,35996.14286
2/17/21,165,64540,130,71992.28571,63.57142857,33822.21429
2/18/21,145,70161,127.1428571,67644.42857,60.57142857,31288
2/19/21,152,71791,121.1428571,62576,61.21428571,29299.71429
2/20/21,106,78012,122.4285714,58599.42857,59.64285714,28825.42857
2/21/21,97,69720,119.2857143,57650.85714,56.21428571,29249.71429
2/22/21,141,55180,112.4285714,58499.42857,57.57142857,29243.14286
2/23/21,183,59466,115.1428571,58486.28571,58.85714286,28880.71429
2/24/21,167,71913,117.7142857,57761.42857,60.42857143,29005.85714
2/25/21,148,74194,120.8571429,58011.71429,60.14285714,29177.5
2/26/21,138,77882,120.2857143,58355,62.42857143,29168.21429
2/27/21,129,78317,124.8571429,58336.42857,64.71428571,29782.28571
2/28/21,110,62674,129.4285714,59564.57143,62.5,30317.57143
3/1/21,133,50905,125,60635.14286,58.92857143,29706.07143
3/2/21,150,56696,117.8571429,59412.14286,57.71428571,28619.14286
3/3/21,160,57644,115.4285714,57238.28571,58.57142857,27437
3/4/21,151,66612,117.1428571,54874,59.5,26632
3/5/21,214,67282,119,53264,65.57142857,25843.78571
3/6/21,141,65695,131.1428571,51687.57143,67.78571429,26059.57143
3/7/21,111,56585,135.5714286,52119.14286,66.21428571,26465.28571
3/8/21,141,40064,132.4285714,52930.57143,65.57142857,25277.28571
3/9/21,145,94513,131.1428571,50554.57143,64.5,27910.78571
3/10/21,154,55899,129,55821.57143,64.71428571,27145.57143
3/11/21,155,58195,129.4285714,54291.14286,60.5,26496.5
3/12/21,176,62387,121,52993,63,26260.21429
3/13/21,167,64166,126,52520.42857,67,26801.71429
3/14/21,133,49557,134,53603.42857,66.42857143,27479.78571
3/15/21,154,37989,132.8571429,54959.57143,67.07142857,23442.35714
3/16/21,171,57164,134.1428571,46884.71429,68.28571429,23532.71429
3/17/21,197,54531,136.5714286,47065.42857,71.28571429,23271
3/18/21,159,58931,142.5714286,46542,70.07142857,23024.14286
3/19/21,164,60470,140.1428571,46048.28571,69.85714286,22760.14286
3/20/21,205,60623,139.7142857,45520.28571,75,23550.57143
3/21/21,135,54425,150,47101.14286,73.64285714,24724.57143
3/22/21,164,34193,147.2857143,49449.14286,73.14285714,23083.78571
3/23/21,176,54716,146.2857143,46167.57143,71.64285714,23097
3/24/21,177,56746,143.2857143,46194,72.92857143,22940.92857
3/25/21,175,79903,145.8571429,45881.85714,73.71428571,24329
3/26/21,170,69116,147.4285714,48658,71.21428571,24935.64286
3/27/21,189,74499,142.4285714,49871.28571,75.07142857,26369.5
3/28/21,146,60700,150.1428571,52739,73.78571429,28262.85714
3/29/21,197,44515,147.5714286,56525.71429,75.28571429,27534.21429
3/30/21,176,70739,150.5714286,55068.42857,75.21428571,28533.71429
3/31/21,199,62234,150.4285714,57067.42857,76.92857143,27271.64286
4/1/21,260,67936,153.8571429,54543.28571,83.35714286,27187.35714
4/2/21,211,77193,166.7142857,54374.71429,84.92857143,27379.78571
4/3/21,178,68589,169.8571429,54759.57143,87.21428571,27943.28571
4/4/21,179,64136,174.4285714,55886.57143,85.92857143,29344.78571
4/5/21,214,36823,171.8571429,58689.57143,88.64285714,26922.21429
4/6/21,260,76594,177.2857143,53844.42857,93,27947.92857
4/7/21,251,61972,186,55895.85714,92.35714286,27521.92857
4/8/21,241,73090,184.7142857,55043.85714,94.5,27228.85714
4/9/21,194,80458,189,54457.71429,95.64285714,28076.64286
4/10/21,235,81582,191.2857143,56153.28571,99.64285714,29322.78571
4/11/21,201,64758,199.2857143,58645.57143,98.71428571,31318.14286
4/12/21,287,47977,197.4285714,62636.28571,100.6428571,29274.07143
4/13/21,230,71932,201.2857143,58548.14286,99.14285714,29985.5
4/14/21,290,77321,198.2857143,59971,102.6428571,30287.71429
4/15/21,272,75750,205.2857143,60575.42857,108.2142857,29951.42857
4/16/21,286,73694,216.4285714,59902.85714,111.8571429,29388
4/17/21,240,78354,223.7142857,58776,114.6428571,30359.14286
4/18/21,253,53874,229.2857143,60718.28571,112.2142857,30780.35714
4/19/21,285,41399,224.4285714,61560.71429,116.1428571,28599.42857
4/20/21,357,70260,232.2857143,57198.85714,120.9285714,28095.07143
4/21/21,309,61024,241.8571429,56190.14286,123.5714286,27043.21429
4/22/21,297,62495,247.1428571,54086.42857,124.3571429,26243.28571
4/23/21,289,66241,248.7142857,52486.57143,127.8571429,25378.07143
4/24/21,211,63784,255.7142857,50756.14286,124.8571429,26085.92857
4/25/21,244,50468,249.7142857,52171.85714,121.9285714,26733.71429
4/26/21,262,33591,243.8571429,53467.42857,115.1428571,24114.5
4/27/21,275,47335,230.2857143,48229,112.7142857,23136.71429
4/28/21,324,51877,225.4285714,46273.42857,114.6428571,22378.28571
4/29/21,256,54818,229.2857143,44756.57143,112.2857143,21562.35714
4/30/21,207,57582,224.5714286,43124.71429,112,21119.35714
5/1/21,223,58517,224,42238.71429,110.5,21694.28571
5/2/21,156,44759,221,43388.57143,102.9285714,22492
5/3/21,227,29632,205.8571429,44984,99.5,21227.5
5/4/21,223,49944,199,42455,92.28571429,21089.42857
5/5/21,211,40955,184.5714286,42178.85714,89.07142857,20099.21429
5/6/21,228,44719,178.1428571,40198.42857,90.57142857,19180.42857
5/7/21,153,47694,181.1428571,38360.85714,85.57142857,18407.35714
5/8/21,206,47493,171.1428571,36814.71429,89.14285714,18602.64286
5/9/21,141,33666,178.2857143,37205.28571,83,18890.78571
5/10/21,186,22328,166,37781.57143,80.35714286,16918.21429
5/11/21,164,36557,160.7142857,33836.42857,77,16604.07143
5/12/21,161,34041,154,33208.14286,72.21428571,15841.35714
5/13/21,163,35483,144.4285714,31682.71429,72.92857143,14969.14286
5/14/21,184,38439,145.8571429,29938.28571,71.35714286,14322.42857
5/15/21,140,40981,142.7142857,28644.85714,71.28571429,14844.92857
5/16/21,145,29050,142.5714286,29689.85714,68.35714286,15325.07143
5/17/21,155,16710,136.7142857,30650.14286,67.71428571,13907.42857
5/18/21,151,29207,135.4285714,27814.85714,67,13562.14286
5/19/21,143,27863,134,27124.28571,65.57142857,13017.85714
5/20/21,156,28794,131.1428571,26035.71429,63.57142857,12328.92857
5/21/21,133,29618,127.1428571,24657.85714,63.07142857,11517.28571
5/22/21,141,36800,126.1428571,23034.57143,62.78571429,12070.85714
5/23/21,106,10527,125.5714286,24141.71429,59.28571429,11629.21429
5/24/21,109,14150,118.5714286,23258.42857,56.28571429,10553.71429
5/25/21,132,25628,112.5714286,21107.42857,55.5,10394.07143
5/26/21,96,22838,111,20788.14286,51.21428571,9968.642857
5/27/21,121,23386,102.4285714,19937.28571,50.35714286,9523.5
5/28/21,95,27747,100.7142857,19047,47.07142857,8876.857143
5/29/21,98,22024,94.14285714,17753.71429,46.5,9698.071429
5/30/21,90,11560,93,19396.14286,45.14285714,9513.071429
5/31/21,78,7442,90.28571429,19026.14286,41.28571429,8214.071429
6/1/21,81,5503,82.57142857,16428.14286,40.21428571,6975.857143
6/2/21,103,22570,80.42857143,13951.71429,38.92857143,6917.571429
6/3/21,94,16858,77.85714286,13835.14286,38.85714286,6139.785714
6/4/21,78,19471,77.71428571,12279.57143,37.42857143,5957.428571
6/5/21,88,-23999,74.85714286,11914.85714,37.28571429,3417.5
6/6/21,69,10448,74.57142857,6835,36.64285714,3632.214286
6/7/21,85,6153,73.28571429,7264.428571,36.92857143,3678.642857
6/8/21,58,19452,73.85714286,7357.285714,33.71428571,3455.928571
6/9/21,83,14185,67.42857143,6911.857143,32.92857143,3265
6/10/21,100,20664,65.85714286,6530,34.5,3350.214286
6/11/21,93,15799,69,6700.428571,34.85714286,6192.928571
6/12/21,83,16827,69.71428571,12385.85714,35.85714286,6648.571429
6/13/21,85,8279,71.71428571,13297.14286,35.85714286,6800.428571
6/14/21,86,6787,71.71428571,13600.85714,37.85714286,5895.785714
6/15/21,94,15119,75.71428571,11791.57143,38.64285714,5962.5
6/16/21,121,11872,77.28571429,11925,40.14285714,5334.5
6/17/21,107,14411,80.28571429,10669,41.14285714,5235.357143
6/18/21,102,12187,82.28571429,10470.71429,42.5,4903.928571
6/19/21,108,12700,85,9807.857143,44.14285714,5219.714286
6/20/21,89,7580,88.28571429,10439.42857,44.35714286,5276.357143
6/21/21,148,4063,88.71428571,10552.71429,48.21428571,4486.642857
6/22/21,96,15844,96.42857143,8973.285714,46.42857143,4770.357143
6/23/21,128,12761,92.85714286,9540.714286,47.92857143,4652.5
6/24/21,128,14031,95.85714286,9305,49.78571429,4784.214286
6/25/21,121,14695,99.57142857,9568.428571,50.71428571,4926.714286
6/26/21,121,14963,101.4285714,9853.428571,53,5454.071429
6/27/21,100,6791,106,10908.14286,49.57142857,5648.928571
6/28/21,194,4087,99.14285714,11297.85714,56.57142857,4809.142857
6/29/21,131,15548,113.1428571,9618.285714,56.78571429,5008.214286
6/30/21,138,15729,113.5714286,10016.42857,57.5,5129.5
7/1/21,145,15977,115,10259,59.21428571,5221.071429
7/2/21,163,64959,118.4285714,10442.14286,62.21428571,8792.214286
7/3/21,119,20436,124.4285714,17584.42857,63.57142857,9766.857143
7/4/21,141,3993,127.1428571,19533.71429,59.78571429,9760.142857
7/5/21,158,2922,119.5714286,19520.28571,61.71428571,8858.285714
7/6/21,157,4591,123.4285714,17716.57143,63.07142857,8062.714286
7/7/21,179,27077,126.1428571,16125.42857,65.5,8855.571429
7/8/21,142,30219,131,17711.14286,64,6374.142857
7/9/21,212,49233,128,12748.28571,70.64285714,8431.071429
7/10/21,153,35335,141.2857143,16862.14286,71.5,10669.78571
7/11/21,137,7758,143,21339.57143,70,11015.21429
7/12/21,157,5543,140,22030.42857,70,11083.21429
7/13/21,214,35383,140,22166.42857,72.5,11676.5
7/14/21,208,42982,145,23353,77.21428571,12588.14286
7/15/21,253,38055,154.4285714,25176.28571,80.14285714,11789.71429
7/16/21,277,36018,160.2857143,23579.42857,89,11838.5
7/17/21,277,52224,178,23677,99,15014.64286
7/18/21,221,12445,198,30029.28571,103.5714286,15507.64286
7/19/21,272,9027,207.1428571,31015.28571,107.7142857,13625.07143
7/20/21,245,59182,215.4285714,27250.14286,110.3571429,14782.21429
7/21/21,239,62111,220.7142857,29564.42857,109.3571429,16500.5
7/22/21,238,60053,218.7142857,33001,106.5714286,18217.28571
7/23/21,238,65519,213.1428571,36434.57143,103.7857143,19166.92857
7/24/21,191,82781,207.5714286,38333.85714,101.6428571,24190.92857
7/25/21,236,21590,203.2857143,48381.85714,99.07142857,25088.28571
7/26/21,246,13833,198.1428571,50176.57143,99.14285714,21849.07143
7/27/21,256,93086,198.2857143,43698.14286,100.3571429,24061.57143
7/28/21,263,106818,200.7142857,48123.14286,102.1428571,27401.92857
7/29/21,278,84961,204.2857143,54803.85714,105,28790.64286
7/30/21,326,98294,210,57581.28571,114.6428571,29898.71429
7/31/21,292,122674,229.2857143,59797.42857,118.6428571,37119
8/1/21,235,29698,237.2857143,74238,117.8571429,38252.21429
8/2/21,308,22894,235.7142857,76504.42857,121.5714286,33238.5
8/3/21,266,136170,243.1428571,66477,121.7857143,35335.07143
8/4/21,307,150311,243.5714286,70670.14286,123.8571429,40002.92857
8/5/21,375,112344,247.7142857,80005.85714,127.3571429,41006.5
8/6/21,305,126972,254.7142857,82013,128.2857143,41313.5
8/7/21,259,168351,256.5714286,82627,130,51217.28571
8/8/21,265,42115,260,102434.5714,126.9285714,52590.21429
8/9/21,238,36068,253.8571429,105180.4286,124.9285714,45440.07143
8/10/21,267,178691,249.8571429,90880.14286,122.0714286,47467.21429
8/11/21,323,162091,244.1428571,94934.42857,118.3571429,51020.57143
8/12/21,305,155577,236.7142857,102041.1429,118.3571429,53063.78571
8/13/21,300,138709,236.7142857,106127.5714,121.2857143,50946.5
8/14/21,245,187392,242.5714286,101893,119.8571429,61323.42857
8/15/21,204,49817,239.7142857,122646.8571,117.4285714,62305.5
8/16/21,247,43818,234.8571429,124611,116,52671.71429
8/17/21,414,259493,232,105343.4286,122.5,59629
8/18/21,409,144297,245,119258,129.9285714,58823.28571
8/19/21,294,164869,259.8571429,117646.5714,129.5,60691.85714
8/20/21,317,159806,259,121383.7143,134.6428571,58721.42857
8/21/21,303,199294,269.2857143,117442.8571,141.7142857,69398.35714
8/22/21,248,79391,283.4285714,138796.7143,141.7857143,71939.28571
8/23/21,314,40573,283.5714286,143878.5714,134.6428571,56302.14286
8/24/21,317,266147,269.2857143,112604.2857,128.0714286,65005.71429
8/25/21,290,150197,256.1428571,130011.4286,127.7857143,63957.71429
8/26/21,288,170936,255.5714286,127915.4286,125.7142857,64752.71429
8/27/21,305,187761,251.4285714,129505.4286,125.8571429,63928.92857
8/28/21,225,195911,251.7142857,127857.8571,124.2142857,72251.78571
8/29/21,283,85259,248.4285714,144503.5714,122,75443.64286
8/30/21,304,42158,244,150887.2857,121.0714286,59444.42857
8/31/21,275,280403,242.1428571,118888.8571,120,68744.85714
9/1/21,278,160250,240,137489.7143,119.2857143,67981.57143
9/2/21,549,210995,238.5714286,135963.1429,136.7142857,69641.14286
9/3/21,294,175696,273.4285714,139282.2857,141.6428571,68197.21429
9/4/21,279,191475,283.2857143,136394.4286,141.3571429,75784.07143
9/5/21,391,66054,282.7142857,151568.1429,147.5714286,77490.92857
9/6/21,255,44417,295.1428571,154981.8571,146.1428571,60634.78571
9/7/21,281,76976,292.2857143,121269.5714,146.3571429,54686.64286
9/8/21,276,301138,292.7142857,109373.2857,126.8571429,61125.42857
9/9/21,288,184189,253.7142857,122250.8571,126.4285714,61732.07143
9/10/21,300,170571,252.8571429,123464.1429,127.9285714,60238.92857
9/11/21,188,176316,255.8571429,120477.8571,113.4285714,68114.78571
9/12/21,158,73926,226.8571429,136229.5714,106.5,70222.57143
9/13/21,269,39558,213,140445.1429,105.6428571,67549.85714
9/14/21,235,285058,211.2857143,135099.7143,102.7142857,66401.28571
9/15/21,253,152696,205.4285714,132802.5714,100.2142857,64151.78571
9/16/21,258,170195,200.4285714,128303.5714,97.21428571,64124.92857
9/17/21,277,154883,194.4285714,128249.8571,103.5714286,62594
9/18/21,232,166938,207.1428571,125188,108.8571429,69237.71429
9/19/21,234,68180,217.7142857,138475.4286,106.3571429,71282.14286
9/20/21,239,39956,212.7142857,142564.2857,106.6428571,53774.85714
9/21/21,196,208166,213.2857143,107549.7143,102.5714286,57737
9/22/21,225,129975,205.1428571,115474,100.2142857,54864.14286
9/23/21,227,147493,200.4285714,109728.2857,96.64285714,54336.28571
9/24/21,197,127864,193.2857143,108672.5714,94.14285714,51545.28571
9/25/21,195,140011,188.2857143,103090.5714,91.35714286,56676.07143
9/26/21,189,51592,182.7142857,113352.1429,87.78571429,57507.21429
9/27/21,177,34235,175.5714286,115014.4286,86.42857143,45083.57143
9/28/21,174,194789,172.8571429,90167.14286,82.78571429,49713.14286
9/29/21,169,113340,165.5714286,99426.28571,78.64285714,47273.64286
9/30/21,176,128512,157.2857143,94547.28571,77.14285714,47319.92857
10/1/21,207,116209,154.2857143,94639.85714,78,45619.78571
10/2/21,182,125776,156,91239.57143,77.5,50918.64286
10/3/21,161,44222,155,101837.2857,76.35714286,51632
10/4/21,195,25839,152.7142857,103264,77.85714286,39564.14286
10/5/21,182,172699,155.7142857,79128.28571,78.78571429,43804.07143
10/6/21,271,98602,157.5714286,87608.14286,85.57142857,41667.64286
10/7/21,220,125955,171.1428571,83335.28571,86.5,42363.78571
10/8/21,173,105402,173,84727.57143,85.85714286,40908.5
10/9/21,129,112926,171.7142857,81817,83.57142857,45815.92857
10/10/21,139,37334,167.1428571,91631.85714,79.57142857,46637
10/11/21,151,23039,159.1428571,93274,77.35714286,35947
10/12/21,167,123680,154.7142857,71894,69.92857143,37738.28571
10/13/21,170,111576,139.8571429,75476.57143,66.35714286,36711.21429
10/14/21,181,106557,132.7142857,73422.42857,66.92857143,36793.71429
10/15/21,153,88969,133.8571429,73587.42857,68.64285714,35082.5
10/16/21,130,98560,137.2857143,70165,68,39455.78571
10/17/21,119,33541,136,78911.57143,65.71428571,40205.92857
10/18/21,129,22152,131.4285714,80411.85714,63,32953.92857
10/19/21,158,122033,126,65907.85714,62.14285714,33700.85714
10/20/21,192,83683,124.2857143,67401.71429,62.92857143,32067
10/21/21,187,86622,125.8571429,64134,65.35714286,31899.35714
10/22/21,180,81946,130.7142857,63798.71429,68.92857143,30712.64286
10/23/21,130,87297,137.8571429,61425.28571,69.71428571,34552.35714
10/24/21,119,29824,139.4285714,69104.71429,69,35100.35714
10/25/21,151,17102,138,70200.71429,68.5,27605.28571
10/26/21,155,105561,137,55210.57143,65.85714286,29168
10/27/21,186,87423,131.7142857,58336,65.78571429,29225.21429
10/28/21,164,94544,131.5714286,58450.42857,64.64285714,30125.07143
10/29/21,143,86185,129.2857143,60250.14286,65.57142857,30045.64286
10/30/21,142,88723,131.1428571,60091.28571,67.21428571,34252.71429
10/31/21,125,29411,134.4285714,68505.42857,65.35714286,35131.92857
11/1/21,176,18883,130.7142857,70263.85714,66.85714286,28940.64286
11/2/21,153,124570,133.7142857,57881.28571,64.5,31594
11/3/21,240,76943,129,63188,69.92857143,30336.78571
11/4/21,170,84844,139.8571429,60673.57143,71.85714286,30241
11/5/21,165,83087,143.7142857,60482,73.5,29838.42857
11/6/21,147,91768,147,59676.85714,75.07142857,34292.5
11/7/21,144,31939,150.1428571,68585,72.78571429,35225.07143
11/8/21,176,22085,145.5714286,70450.14286,74.42857143,27904.71429
11/9/21,202,126461,148.8571429,55809.42857,71.71428571,31441.71429
11/10/21,171,83651,143.4285714,62883.42857,71.78571429,31356.5
11/11/21,154,98390,143.5714286,62713,71,32449.57143
11/12/21,159,64601,142,64899.14286,71.85714286,30509.07143
11/13/21,153,129351,143.7142857,61018.14286,72.5,37467.07143
11/14/21,131,61397,145,74934.14286,69.28571429,40275.07143
11/15/21,153,23609,138.5714286,80550.14286,65.78571429,32928.5
11/16/21,170,148624,131.5714286,65857,65.71428571,37569.42857
11/17/21,193,90486,131.4285714,75138.85714,68.5,37004.85714
11/18/21,165,114357,137,74009.71429,68.92857143,40558.85714
11/19/21,176,110273,137.8571429,81117.71429,70.57142857,39196.14286
11/20/21,137,119648,141.1428571,78392.28571,71,43356.92857
11/21/21,137,41064,142,86713.85714,69.85714286,44603.71429
11/22/21,180,31372,139.7142857,89207.42857,70.57142857,36228.57143
11/23/21,193,158898,141.1428571,72457.14286,70.57142857,41115.14286
11/24/21,278,92771,141.1428571,82230.28571,78.64285714,39573.28571
11/25/21,173,119892,157.2857143,79146.57143,78.42857143,40260.35714
11/26/21,186,30853,156.8571429,80520.71429,81.92857143,33917.85714
11/27/21,189,51525,163.8571429,67835.71429,85.64285714,34665.07143
11/28/21,194,24679,171.2857143,69330.14286,86.64285714,34187
11/29/21,215,23950,173.2857143,68374,88.21428571,24547.85714
11/30/21,234,216312,176.4285714,49095.71429,85.07142857,33372.21429
12/1/21,272,109294,170.1428571,66744.42857,92.14285714,32615.21429
12/2/21,355,139320,184.2857143,65230.42857,104.2142857,40362.85714
12/3/21,345,138712,208.4285714,80725.71429,115.3571429,46590.5
12/4/21,236,153245,230.7142857,93181,118.3571429,55773.78571
12/5/21,185,58144,236.7142857,111547.5714,116.2142857,58216.21429
12/6/21,265,34573,232.4285714,116432.4286,118.4285714,45234.85714
12/7/21,283,197444,236.8571429,90469.71429,119.2142857,51531.28571
12/8/21,285,113997,238.4285714,103062.5714,114.2142857,49722.5
12/9/21,265,149045,228.4285714,99445,108.5,50460.57143
12/10/21,322,123505,217,100921.1429,114.6428571,48336.28571
12/11/21,236,165062,229.2857143,96672.57143,118.2857143,55973.28571
12/12/21,251,51345,236.5714286,111946.5714,117.2857143,57171.28571
12/13/21,314,36356,234.5714286,114342.5714,119.5,45665
12/14/21,439,202883,239,91330,130.5,52014
12/15/21,497,116859,261,104028,147.0714286,49715
12/16/21,630,145276,294.1428571,99430,169.0714286,51270.07143
12/17/21,694,146319,338.1428571,102540.1429,201.7857143,49931.28571
12/18/21,591,171145,403.5714286,99862.57143,226.0714286,58488.42857
12/19/21,556,74663,452.1428571,116976.8571,243.3571429,61224.64286
12/20/21,828,72479,486.7142857,122449.2857,271.1428571,51910.07143
12/21/21,935,302900,542.2857143,103820.1429,302.4285714,65198.71429
12/22/21,1173,189471,604.8571429,130397.4286,341.2142857,68355.5
12/23/21,1255,243692,682.4285714,136711,381.2857143,75310.71429
12/24/21,1557,265215,762.5714286,150621.4286,450.2857143,82030
12/25/21,1227,183925,900.5714286,164060,498.2142857,89834.42857
12/26/21,947,58348,996.4285714,179668.8571,506.7142857,88825.07143
12/27/21,1116,189714,1013.428571,177650.1429,519.6428571,80740.35714
12/28/21,1602,543540,1039.285714,161480.7143,550.2857143,106031
12/29/21,1838,380712,1100.571429,212062,591.9285714,115818.1429
12/30/21,1856,489064,1183.857143,231636.2857,613.2857143,131807.3571
12/31/21,1884,585055,1226.571429,263614.7143,660.2142857,160459.5
1/1/22,1257,446567,1320.428571,320919,682.3571429,188189.4286
1/2/22,1210,161060,1364.714286,376378.8571,689.0714286,186142.7143
1/3/22,1629,286637,1378.142857,372285.4286,691,167792.5
1/4/22,1898,1018935,1382,335585,695.2857143,213379.8571
1/5/22,2050,885906,1390.571429,426759.7143,709.1428571,241725.7143
1/6/22,1900,704064,1418.285714,483451.4286,710.2857143,250226.3571
1/7/22,1840,759218,1420.571429,500452.7143,751.9285714,272558.5714
1/8/22,1508,900170,1503.857143,545117.1429,773.2142857,325352.1429
1/9/22,1436,446240,1546.428571,650704.2857,759.4285714,336752.3571
1/10/22,1544,315335,1518.857143,673504.7143,734.1428571,286495.2143
1/11/22,1652,1433977,1468.285714,572990.4286,705.7142857,325643.1429
1/12/22,1671,769928,1411.428571,651286.2857,689.3571429,330347.7143
1/13/22,1438,880982,1378.714286,660695.4286,660.6428571,339045.1429
1/14/22,1365,868707,1321.285714,678090.2857,650.4285714,336797.7857
1/15/22,1117,933326,1300.857143,673595.5714,627.6428571,371589.6429
1/16/22,950,423227,1255.285714,743179.2857,585.2142857,379296.2143
1/17/22,1106,337807,1170.428571,758592.4286,546.2142857,300998.3571
1/18/22,1241,712051,1092.428571,601996.7143,515.5,296864.2857
1/19/22,1249,1178403,1031,593728.5714,502,318108.6429
1/20/22,1209,851955,1004,636217.2857,490.8571429,316912.0714
1/21/22,1164,748320,981.7142857,633824.1429,494.2142857,303697.3571
1/22/22,936,825315,988.4285714,607394.7143,493.2142857,332417.9286
1/23/22,967,337384,986.4285714,664835.8571,483.2857143,332387.7143
1/24/22,1085,199481,966.5714286,664775.4286,472.1428571,295775.5714
1/25/22,823,1032159,944.2857143,591551.1429,441.7142857,285329.5714
1/26/22,757,510913,883.4285714,570659.1429,409.4285714,260969.4286
1/27/22,767,684446,818.8571429,521938.8571,381.0714286,256407
1/28/22,660,530264,762.1428571,512814,361.3571429,235331.9286
1/29/22,511,555775,722.7142857,470663.8571,328.7857143,250931.2857
1/30/22,495,242113,657.5714286,501862.5714,286.6428571,253976.4286
1/31/22,799,104058,573.2857143,507952.8571,284.9285714,187683.5
2/1/22,608,661972,569.8571429,375367,274.2857143,198473.4286
2/2/22,585,296405,548.5714286,396946.8571,261.2857143,170756.2143
2/3/22,499,325029,522.5714286,341512.4286,249.7857143,156096.5714
2/4/22,440,312242,499.5714286,312193.1429,244.7142857,138701.3571
2/5/22,408,312980,489.4285714,277402.7143,238.5,143763.2857
2/6/22,331,123767,477,287526.5714,205.0714286,145171.0714
2/7/22,404,58477,410.1428571,290342.1429,190.5,102064.2857
2/8/22,380,348119,381,204128.5714,175.8571429,105758.1429
2/9/22,441,194496,351.7142857,211516.2857,171.7142857,96434.35714
2/10/22,445,226349,343.4285714,192868.7143,172.0714286,90299.14286
2/11/22,404,173593,344.1428571,180598.2857,171.7857143,80342.92857
2/12/22,380,169823,343.5714286,160685.8571,175.2857143,83632.64286
2/13/22,258,63962,350.5714286,167265.2857,164.8571429,84024.42857
2/14/22,350,34388,329.7142857,168048.8571,162.7142857,61615.07143
2/15/22,399,206324,325.4285714,123230.1429,159.7142857,62459.92857
2/16/22,339,115512,319.4285714,124919.8571,152.1428571,54543
2/17/22,339,141180,304.2857143,109086,147.5,52227.78571
2/18/22,300,103865,295,104455.5714,141.7857143,47516.5
2/19/22,244,109609,283.5714286,95033,140.7857143,50777
2/20/22,302,46211,281.5714286,101554,137.3571429,51621.5
2/21/22,322,26167,274.7142857,103243,131.8571429,38753.14286
2/22/22,304,55659,263.7142857,77506.28571,129.3571429,34477.92857
2/23/22,261,123117,258.7142857,68955.85714,123.7857143,33187.71429
2/24/22,219,84544,247.5714286,66375.42857,118,31807.64286
2/25/22,211,73406,236,63615.28571,115.6428571,29221.71429
2/26/22,189,85986,231.2857143,58443.42857,107.5714286,32062.78571
2/27/22,191,25222,215.1428571,64125.57143,98.21428571,31995.28571
2/28/22,292,9086,196.4285714,63990.57143,97.35714286,28668.64286
3/1/22,261,107800,194.7142857,57337.28571,97.35714286,27574.57143
3/2/22,288,43583,194.7142857,55149.14286,102.2857143,24648.78571
3/3/22,272,58146,204.5714286,49297.57143,106.6428571,23558.78571
3/4/22,257,51737,213.2857143,47117.57143,111.5,21112.42857
3/5/22,243,49587,223,42224.85714,115.2142857,22852.78571
3/6/22,217,16615,230.4285714,45705.57143,109.8571429,23390.57143
3/7/22,245,6775,219.7142857,46781.14286,108.7142857,16174.5
3/8/22,279,63052,217.4285714,32349,108.0714286,17565.14286
3/9/22,276,34016,216.1428571,35130.28571,108.3571429,15841.57143
3/10/22,287,47704,216.7142857,31683.14286,110.5,15553.5
3/11/22,309,38193,221,31107,115.2142857,14739.64286
3/12/22,272,44375,230.4285714,29479.28571,119.1428571,16722.5
3/13/22,288,10922,238.2857143,33445,122.2142857,17018.71429
3/14/22,398,6390,244.4285714,34037.42857,130.7142857,12971.42857
3/15/22,398,49048,261.4285714,25942.85714,139.4285714,14045.14286
3/16/22,351,48396,278.8571429,28090.28571,144,14094.57143
3/17/22,316,39396,288,28189.14286,144.5,14180.5
3/18/22,290,35986,289,28361,145.7857143,13581.28571
3/19/22,285,36469,291.5714286,27162.57143,145.5714286,15406.07143
3/20/22,318,12119,291.1428571,30812.14286,139.8571429,15815.28571
3/21/22,406,7853,279.7142857,31630.57143,140.4285714,12872.78571
3/22/22,400,46135,280.8571429,25745.57143,143.9285714,12711.28571
3/23/22,431,25669,287.8571429,25422.57143,152.1428571,11730.78571
3/24/22,393,47087,304.2857143,23461.57143,159.5,12523.71429
3/25/22,324,37746,319,25047.42857,162.2857143,12614.92857
3/26/22,323,33737,324.5714286,25229.85714,162.6428571,14159.07143
3/27/22,326,12055,325.2857143,28318.14286,156.9285714,14459.21429
3/28/22,334,7498,313.8571429,28918.42857,152.2142857,11699.42857
3/29/22,439,42236,304.4285714,23398.85714,152.7857143,12882.78571
3/30/22,367,25628,305.5714286,25765.57143,150.9285714,11350
3/31/22,344,45442,301.8571429,22700,152.3571429,11899.71429
4/1/22,286,37777,304.7142857,23799.42857,149.7142857,12188.28571
4/2/22,293,32435,299.4285714,24376.57143,147.3571429,13644
4/3/22,264,11395,294.7142857,27288,142.3571429,13922.35714
4/4/22,345,4927,284.7142857,27844.71429,135.6428571,11257.42857
4/5/22,324,41040,271.2857143,22514.85714,132.5714286,12358.28571
4/6/22,370,30893,265.1428571,24716.57143,134.4285714,11319.07143
4/7/22,376,49323,268.8571429,22638.14286,140.8571429,12143.78571
4/8/22,351,35706,281.7142857,24287.57143,145,12377.42857
4/9/22,313,44105,290,24754.85714,148.5,14713.85714
4/10/22,237,13521,297,29427.71429,140.7857143,15327.71429
4/11/22,331,8185,281.5714286,30655.42857,141.2857143,12980.92857
4/12/22,308,49985,282.5714286,25961.85714,136.8571429,14344.64286
4/13/22,296,29034,273.7142857,28689.28571,131.1428571,12895.42857
4/14/22,293,53909,262.2857143,25790.85714,127,14195.64286
4/15/22,263,57463,254,28391.28571,123.4285714,15149.78571
4/16/22,215,47618,246.8571429,30299.57143,121.8571429,17585.28571
4/17/22,214,10903,243.7142857,35170.57143,113.5,17779.42857
4/18/22,273,11279,227,35558.85714,111,15014.71429
4/19/22,389,60076,222,30029.42857,117.6428571,17232
4/20/22,351,50022,235.2857143,34464,121.7857143,16954.35714
4/21/22,334,62897,243.5714286,33908.71429,126.8571429,17342.5
4/22/22,311,59266,253.7142857,34685,133.7142857,18174.5
4/23/22,251,68097,267.4285714,36349,136.3571429,22259.78571
4/24/22,243,18917,272.7142857,44519.57143,134.2142857,22805.35714
4/25/22,292,12391,268.4285714,45610.71429,127.2857143,19399.28571
4/26/22,389,74612,254.5714286,38798.57143,130,21155.71429
4/27/22,323,54653,260,42311.42857,129.2142857,20566.85714
4/28/22,298,84470,258.4285714,41133.71429,128.2857143,22367.14286
4/29/22,253,73569,256.5714286,44734.28571,128.4285714,22758
4/30/22,223,81831,256.8571429,45516,127,27251.85714
5/1/22,230,22326,254,54503.71429,122.5714286,27961.5
5/2/22,259,15368,245.1428571,55923,113.2857143,23729.78571
5/3/22,277,95844,226.5714286,47459.57143,110,26672
5/4/22,296,69334,220,53344,109.8571429,25590.85714
5/5/22,296,101956,219.7142857,51181.71429,112.9285714,27618.5
5/6/22,326,93427,225.8571429,55237,120.2857143,28446.78571
5/7/22,298,95212,240.5714286,56893.57143,125.1428571,33652.92857
5/8/22,259,30358,250.2857143,67305.85714,125.1428571,34723.64286
5/9/22,355,11793,250.2857143,69447.28571,130.7142857,28720
5/10/22,367,112653,261.4285714,57440,135.7857143,31814.21429
5/11/22,400,93623,271.5714286,63628.42857,143.2142857,31219
5/12/22,350,161535,286.4285714,62438,144.9285714,36083.85714
5/13/22,366,115357,289.8571429,72167.71429,149.7857143,37522.78571
5/14/22,284,114465,299.5714286,75045.57143,151.5714286,43530.42857
5/15/22,297,25065,303.1428571,87060.85714,147.4285714,44478.42857
5/16/22,358,19439,294.8571429,88956.85714,146.7857143,37820.28571
5/17/22,371,149818,293.5714286,75640.57143,144.7142857,41834.21429
5/18/22,390,134093,289.4285714,83668.42857,147.5714286,39874.07143
5/19/22,342,168915,295.1428571,79748.14286,145.8571429,43699.64286
5/20/22,328,121162,291.7142857,87399.28571,149,44178
5/21/22,309,140016,298,88356,149.8571429,52388.78571
5/22/22,260,37307,299.7142857,104777.5714,142.8571429,53665.07143
5/23/22,362,21987,285.7142857,107330.1429,142.2142857,44534.28571
5/24/22,348,132884,284.4285714,89068.57143,139.2142857,44447.92857
5/25/22,317,132365,278.4285714,88895.85714,137.4285714,41837.21429
5/26/22,330,187094,274.8571429,83674.42857,137.5714286,46546.64286
5/27/22,334,124641,275.1428571,93093.28571,139.3571429,45448.42857
5/28/22,309,138911,278.7142857,90896.85714,142.8571429,52705.85714
5/29/22,310,13762,285.7142857,105411.7143,139.1428571,52118.35714
5/30/22,329,9045,278.2857143,104236.7143,137.7857143,43272.71429
5/31/22,378,32152,275.5714286,86545.42857,142.1428571,36114.64286
6/1/22,406,182383,284.2857143,72229.28571,147.5714286,35778.14286
6/2/22,431,219026,295.1428571,71556.28571,154.5,42519.92857
6/3/22,341,111370,309,85039.85714,156.7857143,40552.71429
6/4/22,250,142212,313.5714286,81105.42857,152.5,49727.71429
6/5/22,270,43650,305,99455.42857,148.2857143,52199.5
6/6/22,369,16479,296.5714286,104399,147.6428571,51080
6/7/22,365,137103,295.2857143,102160,144.7142857,47845.71429
6/8/22,418,142813,289.4285714,95691.42857,143.7857143,42401.92857
6/9/22,391,178806,287.5714286,84803.85714,147.3571429,47218.78571
6/10/22,326,117711,294.7142857,94437.57143,152.7857143,45468.71429
6/11/22,335,136041,305.5714286,90937.42857,157.4285714,52068.07143
6/12/22,269,35373,314.8571429,104136.1429,150.2857143,53417.64286
6/13/22,450,18393,300.5714286,106835.2857,156.3571429,44938.35714
6/14/22,403,125403,312.7142857,89876.71429,155.2857143,43694.78571
6/15/22,458,135415,310.5714286,87389.57143,160.0714286,40595.42857
6/16/22,361,171804,320.1428571,81190.85714,162.5714286,44459.21429
6/17/22,340,104197,325.1428571,88918.42857,162.9285714,42184.64286
6/18/22,364,116557,325.8571429,84369.28571,169.7142857,47983.5
6/19/22,278,14765,339.4285714,95967,157.4285714,47724.35714
6/20/22,323,14607,314.8571429,95448.71429,151.7142857,39810.35714
6/21/22,411,54196,303.4285714,79620.71429,148.3571429,34009
6/22/22,431,209738,296.7142857,68018,153.3571429,36718.57143
6/23/22,371,170441,306.7142857,73437.14286,155.5714286,41450.28571
6/24/22,423,116493,311.1428571,82900.57143,159.7857143,41445.71429
6/25/22,307,155559,319.5714286,82891.42857,161.8571429,51502.42857
6/26/22,348,47669,323.7142857,103004.8571,163.6428571,53864
6/27/22,409,18238,327.2857143,107728,163.5,51295.57143
6/28/22,465,132239,327,102591.1429,165.9285714,45759.92857
6/29/22,553,122288,331.8571429,91519.85714,178.9285714,42320.42857
6/30/22,598,195776,357.8571429,84640.85714,191.4285714,47983.5
7/1/22,433,123718,382.8571429,95967,200.4285714,45709.14286
7/2/22,421,152261,400.8571429,91418.28571,205.6428571,53180
7/3/22,387,12320,411.2857143,106360,204.0714286,52757.28571
7/4/22,435,6861,408.1428571,105514.5714,201.9285714,43801.71429
7/5/22,540,35662,403.8571429,87603.42857,201,37614.14286
7/6/22,601,180886,402,75228.28571,201.2142857,36550.57143
7/7/22,532,240291,402.4285714,73101.14286,208.2857143,44877.21429
7/8/22,536,124612,416.5714286,89754.42857,216.5,42902.28571
7/9/22,417,168059,433,85804.57143,218.6428571,54026.5
7/10/22,458,23586,437.2857143,108053,220.2857143,55221.14286
7/11/22,523,22569,440.5714286,110442.2857,219.0714286,54285.92857
7/12/22,488,175329,438.1428571,108571.8571,211,53889
7/13/22,505,184269,422,107778,209.0714286,49887.42857
7/14/22,439,191126,418.1428571,99774.85714,202.1428571,54638.42857
7/15/22,419,144183,404.2857143,109276.8571,202.2857143,52933
7/16/22,356,169882,404.5714286,105866,195,63382.71429
7/17/22,416,21042,390,126765.4286,187.3571429,63273.64286
7/18/22,481,21971,374.7142857,126547.2857,186.8571429,52319.5
7/19/22,509,170448,373.7142857,104639,187.1428571,51332.28571
7/20/22,468,160871,374.2857143,102664.5714,189.2142857,49171.21429
7/21/22,647,204616,378.4285714,98342.42857,205.5,53487.85714
7/22/22,471,153511,411,106975.7143,213.7142857,52318.5
7/23/22,353,165689,427.4285714,104637,209.2142857,62650.42857
7/24/22,391,24251,418.4285714,125300.8571,202.7857143,62813.28571
7/25/22,538,21500,405.5714286,125626.5714,204.8571429,52174.14286
7/26/22,447,167703,409.7142857,104348.2857,203.3571429,52662.14286
7/27/22,457,164235,406.7142857,105324.2857,189.7857143,49777.78571
7/28/22,475,226485,379.5714286,99555.57143,190.0714286,54990.21429
7/29/22,335,149107,380.1428571,109980.4286,188.7857143,53805.78571
7/30/22,470,139296,377.5714286,107611.5714,194.4285714,62023.28571
7/31/22,403,11967,388.8571429,124046.5714,184.7857143,61342.35714
8/1/22,397,10865,369.5714286,122684.7143,181.2142857,50139.64286
8/2/22,430,176726,362.4285714,100279.2857,179.2857143,51031.85714
8/3/22,397,108210,358.5714286,102063.7143,173.7142857,42583.64286
8/4/22,309,217279,347.4285714,85167.28571,171.8571429,47453.07143
8/5/22,325,164731,343.7142857,94906.14286,161.5,49269.85714
8/6/22,271,131914,323,98539.71429,152.0714286,57837.5
8/7/22,260,10786,304.1428571,115675,142.2857143,57831.85714
8/8/22,298,10081,284.5714286,115663.7143,132.8571429,45928.64286
8/9/22,302,145444,265.7142857,91857.28571,126.0714286,48588.21429
8/10/22,349,128647,252.1428571,97176.42857,128.9285714,42257.35714
8/11/22,321,174832,257.8571429,84514.71429,128.6428571,42978.85714
8/12/22,275,137018,257.2857143,85957.71429,128.9285714,43343.42857
8/13/22,242,121768,257.8571429,86686.85714,127.6428571,51270.71429
8/14/22,212,6854,255.2857143,102541.4286,121.5,51040.21429
8/15/22,398,10704,243,102080.4286,128.3571429,41415.92857
8/16/22,433,129362,256.7142857,82831.85714,134.3571429,41467
8/17/22,341,120617,268.7142857,82934,135.7857143,37594.5
8/18/22,274,159819,271.5714286,75189,135.7142857,39223.14286
8/19/22,251,126366,271.4285714,78446.28571,136.3571429,39551.57143
8/20/22,226,108491,272.7142857,79103.14286,137.3571429,46811.35714
8/21/22,235,7927,274.7142857,93622.71429,125.7142857,46613
8/22/22,258,8522,251.4285714,93226,113.2142857,37981.57143
8/23/22,218,120642,226.4285714,75963.14286,104.4285714,37983.35714
8/24/22,280,105203,208.8571429,75966.71429,104.8571429,34082.21429
8/25/22,231,174117,209.7142857,68164.42857,103.4285714,37493
8/26/22,215,111177,206.8571429,74986,102.6428571,37684.85714
8/27/22,199,102432,205.2857143,75369.71429,100.0714286,44435.21429
8/28/22,193,8823,200.1428571,88870.42857,95.42857143,44456.71429
8/29/22,244,8539,190.8571429,88913.42857,97.28571429,36449.35714
8/30/22,251,112305,194.5714286,72898.71429,95.21428571,36956.64286
8/31/22,243,117036,190.4285714,73913.28571,96.07142857,32879.42857
9/1/22,213,154106,192.1428571,65758.85714,95.92857143,35945.78571
9/2/22,204,108660,191.8571429,71891.57143,96.28571429,36390.64286
9/3/22,159,88353,192.5714286,72781.28571,93.85714286,42071.35714
9/4/22,177,7437,187.7142857,84142.71429,89.07142857,41992.64286
9/5/22,179,5823,178.1428571,83985.28571,83.92857143,34386.78571
9/6/22,210,18464,167.8571429,68773.57143,81.57142857,27345.92857
9/7/22,221,125894,163.1428571,54691.85714,82.14285714,25330.78571
9/8/22,202,143851,164.2857143,50661.57143,82,27844.42857
9/9/22,202,88425,164,55688.85714,85.07142857,27849.57143
9/10/22,145,73885,170.1428571,55699.14286,82.78571429,32595.85714
9/11/22,169,3227,165.5714286,65191.71429,82.07142857,32410.42857
9/12/22,193,11464,164.1428571,64820.85714,80.85714286,31910.42857
9/13/22,184,87513,161.7142857,63820.85714,78.21428571,29168.92857
9/14/22,194,61642,156.4285714,58337.85714,77.64285714,23296.85714
9/15/22,165,115429,155.2857143,46593.71429,75,25225.71429
9/16/22,175,94428,150,50451.42857,77.14285714,26693.07143
9/17/22,151,58755,154.2857143,53386.14286,75.85714286,30659.35714
9/18/22,166,6723,151.7142857,61318.71429,73.92857143,30320.71429
9/19/22,227,5259,147.8571429,60641.42857,77,24445.42857
9/20/22,195,67366,154,48890.85714,77.07142857,24854.28571
9/21/22,214,51588,154.1428571,49708.57143,80.57142857,20294.21429
9/22/22,179,107334,161.1428571,40588.42857,80.85714286,21216.07143
9/23/22,172,93702,161.7142857,42432.14286,82.35714286,23712.28571
9/24/22,171,44496,164.7142857,47424.57143,82.71428571,26410.35714
9/25/22,234,8091,165.4285714,52820.71429,83.21428571,26612.64286
9/26/22,213,6319,166.4285714,53225.28571,84.5,22252.14286
9/27/22,236,58520,169,44504.28571,86.07142857,22747.28571
9/28/22,201,41883,172.1428571,45494.57143,87.64285714,18072.21429
9/29/22,186,100328,175.2857143,36144.42857,88.64285714,18545.5
9/30/22,174,84992,177.2857143,37091,88.85714286,21438.07143
10/1/22,146,39367,177.7142857,42876.14286,82.57142857,23672.07143
10/2/22,158,6417,165.1428571,47344.14286,78.64285714,23679.07143
10/3/22,211,5948,157.2857143,47358.14286,76.85714286,19923.92857
10/4/22,176,47836,153.7142857,39847.85714,75.07142857,20349.14286
10/5/22,200,35854,150.1428571,40698.28571,76.07142857,15743.85714
10/6/22,194,80514,152.1428571,31487.71429,77.5,15424
10/7/22,171,73835,155,30848,79.28571429,17886
10/8/22,151,34654,158.5714286,35772,78.78571429,19902.92857
10/9/22,145,-6940,157.5714286,39805.85714,74.07142857,18982.35714
10/10/22,169,6054,148.1428571,37964.71429,73.57142857,15997.92857
10/11/22,190,24294,147.1428571,31995.85714,72.85714286,15172.21429
10/12/22,227,41175,145.7142857,30344.42857,75.21428571,12362.28571
10/13/22,212,73680,150.4285714,24724.57143,78.14285714,12351.21429
10/14/22,182,75644,156.2857143,24702.42857,80.35714286,15279.07143
10/15/22,138,29650,160.7142857,30558.14286,79.85714286,17892.64286
10/16/22,165,2776,159.7142857,35785.28571,79.57142857,17658.5
10/17/22,191,7046,159.1428571,35317,79.64285714,16426.5
10/18/22,169,47148,159.2857143,32853,75.5,16853.14286
10/19/22,187,28124,151,33706.28571,73.71428571,13599.14286
10/20/22,201,68459,147.4285714,27198.28571,75.07142857,13085.92857
10/21/22,152,61101,150.1428571,26171.85714,76.07142857,15332.42857
10/22/22,150,33962,152.1428571,30664.85714,75,17560
10/23/22,141,2576,150,35120,71.42857143,17240.71429
10/24/22,152,6975,142.8571429,34481.42857,70.21428571,14371.21429
10/25/22,170,39792,140.4285714,28742.42857,69,15204.64286
10/26/22,168,25656,138,30409.28571,66.64285714,12147.28571
10/27/22,160,80815,133.2857143,24294.57143,67.21428571,13555.42857
10/28/22,125,68863,134.4285714,27110.85714,65.42857143,16048.35714
10/29/22,110,33101,130.8571429,32096.71429,63.21428571,18228.71429
10/30/22,116,3692,126.4285714,36457.42857,60.64285714,17994.21429
10/31/22,163,3679,121.2857143,35988.42857,60.14285714,15414.71429
11/1/22,157,46412,120.2857143,30829.42857,59.35714286,16897.28571
11/2/22,181,29310,118.7142857,33794.57143,60.85714286,13218.35714
11/3/22,156,76147,121.7142857,26436.71429,63.07142857,13738.64286
11/4/22,153,78076,126.1428571,27477.28571,66.14285714,16951.14286
11/5/22,136,49359,132.2857143,33902.28571,67.57142857,20213.07143
11/6/22,143,3729,135.1428571,40426.14286,66.14285714,20216.64286
11/7/22,178,6639,132.2857143,40433.28571,67.64285714,17375.71429
11/8/22,165,39292,135.2857143,34751.42857,66.5,18088.71429
11/9/22,162,21141,133,36177.42857,66.92857143,14159.71429
11/10/22,134,93686,133.8571429,28319.42857,65.57142857,15274.71429
11/11/22,113,87920,131.1428571,30549.42857,63.92857143,18029.07143
11/12/22,129,11324,127.8571429,36058.14286,62.92857143,18571.57143
11/13/22,116,2575,125.8571429,37143.14286,58.5,18281.28571
11/14/22,154,1954,117,36562.57143,57.71428571,15614.28571
11/15/22,145,50921,115.4285714,31228.57143,56.5,17741.42857
11/16/22,134,33064,113,35482.85714,56.5,13411.28571
11/17/22,127,78326,113,26822.57143,57.5,12726
11/18/22,103,83021,115,25452,55.64285714,17847.21429
11/19/22,129,50688,111.2857143,35694.42857,56.57142857,21283.85714
11/20/22,131,3497,113.1428571,42567.71429,54.92857143,21394.07143
11/21/22,165,3239,109.8571429,42788.14286,56.35714286,17988.21429
11/22/22,185,43664,112.7142857,35976.42857,60,18745.35714
11/23/22,198,37327,120,37490.71429,65.07142857,15816.85714
11/24/22,212,110685,130.1428571,31633.71429,72.85714286,17792.85714
11/25/22,177,36030,145.7142857,35585.71429,76.28571429,16745.85714
11/26/22,191,25718,152.5714286,33491.71429,80.57142857,18333.07143
11/27/22,186,1190,161.1428571,36666.14286,82.07142857,18186.71429
11/28/22,213,6829,164.1428571,36373.42857,84.07142857,15555.64286
11/29/22,210,57948,168.1428571,31111.28571,84.92857143,17028.57143
11/30/22,223,47873,169.8571429,34057.14286,85.71428571,12542
12/1/22,261,111941,171.4285714,25084,91.71428571,17964.21429
12/2/22,184,97140,183.4285714,35928.42857,91.21428571,23065.78571
12/3/22,170,73466,182.4285714,46131.57143,90.07142857,28228.35714
12/4/22,137,4861,180.1428571,56456.71429,84.64285714,28087.78571
12/5/22,218,4606,169.2857143,56175.57143,85.21428571,24277.64286
12/6/22,205,54039,170.4285714,48555.28571,83.92857143,24718.07143
12/7/22,209,48438,167.8571429,49436.14286,80.21428571,20182.14286
12/8/22,201,150330,160.4285714,40364.28571,81.42857143,23981.42857
12/9/22,179,140393,162.8571429,47962.85714,82.07142857,28761.92857
12/10/22,155,33559,164.1428571,57523.85714,83.35714286,30811.78571
12/11/22,178,5055,166.7142857,61623.57143,80.5,30843.85714
12/12/22,227,5285,161,61687.71429,82.07142857,27361.42857
12/13/22,265,54299,164.1428571,54722.85714,86.07142857,27780.07143
12/14/22,232,58272,172.1428571,55560.14286,88.28571429,21204.5
12/15/22,246,155088,176.5714286,42409,93.07142857,22254.14286
12/16/22,203,126754,186.1428571,44508.28571,96.5,28910.92857
12/17/22,210,74194,193,57821.85714,98.78571429,33849.42857
12/18/22,178,4928,197.5714286,67698.85714,95.28571429,33823.92857
12/19/22,209,5920,190.5714286,67647.85714,91.28571429,30368.28571
12/20/22,287,57233,182.5714286,60736.57143,95.21428571,30294.07143
12/21/22,255,56831,190.4285714,60588.14286,95.85714286,23275.71429
12/22/22,258,180471,191.7142857,46551.42857,99.78571429,27112.64286
12/23/22,256,148531,199.5714286,54225.28571,103.0714286,32422.42857
12/24/22,228,31370,206.1428571,64844.85714,106.6428571,34311.14286
12/25/22,184,4923,213.2857143,68622.28571,104.8571429,34239.92857
12/26/22,219,3449,209.7142857,68479.85714,100,30398.21429
12/27/22,282,9232,200,60796.42857,101.9285714,26998.28571
12/28/22,285,85608,203.8571429,53996.57143,103.8571429,20222.35714
12/29/22,313,122972,207.7142857,40444.71429,107.9285714,18396.71429
12/30/22,214,110093,215.8571429,36793.42857,106.9285714,24019.78571
12/31/22,234,33191,213.8571429,48039.57143,110.5,26038.92857
1/1/23,202,5522,221,52077.85714,109.2857143,26187
1/2/23,215,-14195,218.5714286,52374,104.5,24513.64286
1/3/23,271,10893,209,49027.28571,103.5,19176.85714
1/4/23,244,76682,207,38353.71429,98.57142857,15870.42857
1/5/23,221,208167,197.1428571,31740.85714,99.07142857,22875.71429
1/6/23,189,115830,198.1428571,45751.42857,95.85714286,28778.5
1/7/23,141,109594,191.7142857,57557,91.5,36212.21429
1/8/23,150,3607,183,72424.42857,86.85714286,37483.78571
1/9/23,135,6100,173.7142857,74967.57143,77.14285714,37141.42857
1/10/23,181,44472,154.2857143,74282.85714,72.64285714,34840.71429
1/11/23,166,43997,145.2857143,69681.42857,68.71428571,23114.28571
1/12/23,156,158215,137.4285714,46228.57143,66.35714286,26141.78571
1/13/23,156,97230,132.7142857,52283.57143,67.42857143,25258.64286
1/14/23,154,30727,134.8571429,50517.28571,67.71428571,27195.78571
1/15/23,131,3904,135.4285714,54391.57143,67.42857143,27038.92857
1/16/23,154,3735,134.8571429,54077.85714,65.5,24129.14286
1/17/23,150,8408,131,48258.28571,64.35714286,21587.07143
1/18/23,183,58642,128.7142857,43174.14286,66.28571429,14474.71429
1/19/23,136,145161,132.5714286,28949.42857,64.85714286,17898.35714
1/20/23,98,67929,129.7142857,35796.71429,60.85714286,20555.64286
1/21/23,136,82833,121.7142857,41111.28571,61.21428571,26193.42857
1/22/23,111,2473,122.4285714,52386.85714,58.14285714,26103.28571
1/23/23,145,4953,116.2857143,52206.57143,57.78571429,25856.5
1/24/23,140,32412,115.5714286,51713,54.71428571,23982.92857
1/25/23,149,31773,109.4285714,47965.85714,55.64285714,15883.78571
1/26/23,127,113283,111.2857143,31767.57143,57.71428571,19123.35714
1/27/23,113,78852,115.4285714,38246.71429,56.07142857,18839
1/28/23,103,14171,112.1428571,37678,55.5,19674.57143
1/29/23,116,2200,111,39349.14286,53.42857143,19477.92857
1/30/23,157,4424,106.8571429,38955.85714,54.64285714,17478.78571
1/31/23,168,30449,109.2857143,34957.57143,56,17384.21429
2/1/23,172,31067,112,34768.42857,59.21428571,11511.64286
2/2/23,132,109666,118.4285714,23023.28571,60.57142857,13712.64286
2/3/23,136,67603,121.1428571,27425.28571,62.92857143,17529.21429
2/4/23,133,64375,125.8571429,35058.42857,64.14285714,21970.28571
2/5/23,106,2896,128.2857143,43940.57143,60.5,21861.14286
2/6/23,105,2718,121,43722.28571,56,19880.35714
2/7/23,102,24780,112,39760.71429,51,19431.28571
2/8/23,101,31892,102,38862.57143,48.78571429,13876
2/9/23,132,112192,97.57142857,27752,48.5,17060.92857
2/10/23,108,68999,97,34121.85714,46.71428571,17391.21429
2/11/23,102,14142,93.42857143,34782.42857,46.42857143,18194.5
2/12/23,67,1902,92.85714286,36389,43.71428571,18136.21429
2/13/23,115,3127,87.42857143,36272.42857,44.64285714,16589.57143
2/14/23,128,24468,89.28571429,33179.14286,46.57142857,16059.28571
2/15/23,113,27526,93.14285714,32118.57143,45.21428571,10011.71429
2/16/23,104,102914,90.42857143,20023.42857,44.92857143,12434.21429
2/17/23,79,70512,89.85714286,24868.42857,43.28571429,16460.64286
2/18/23,72,46091,86.57142857,32921.28571,43.64285714,19617
2/19/23,66,4071,87.28571429,39234,40.14285714,19684.42857
2/20/23,81,2807,80.28571429,39368.85714,36.78571429,18137.21429
2/21/23,102,8447,73.57142857,36274.42857,36,16774.42857
2/22/23,105,29117,72,33548.85714,36.07142857,11503.21429
2/23/23,97,127499,72.14285714,23006.42857,37.35714286,15573.71429
2/24/23,93,64478,74.71428571,31147.42857,38.85714286,16887.07143
2/25/23,74,11171,77.71428571,33774.14286,39.42857143,17394.21429
2/26/23,74,1527,78.85714286,34788.42857,38.92857143,17302.78571
2/27/23,107,2318,77.85714286,34605.57143,39.28571429,16865
2/28/23,84,18147,78.57142857,33730,37.78571429,16081.42857
3/1/23,96,28351,75.57142857,32162.85714,37.71428571,8999.428571
3/2/23,80,89261,75.42857143,17998.85714,36.78571429,10769.64286
3/3/23,90,62111,73.57142857,21539.28571,37.92857143,14408.21429
3/4/23,84,69509,75.85714286,28816.42857,38.64285714,19264.07143
3/5/23,76,1671,77.28571429,38528.14286,36.42857143,19217.85714
3/6/23,87,1567,72.85714286,38435.71429,36.64285714,18033.57143
3/7/23,93,14774,73.28571429,36067.14286,36.42857143,17063.78571
3/8/23,86,23808,72.85714286,34127.57143,36.85714286,12388.57143
3/9/23,101,63372,73.71428571,24777.14286,37.64285714,12478.64286
3/10/23,87,55547,75.28571429,24957.28571,37.85714286,11481.35714
3/11/23,79,10161,75.71428571,22962.71429,38.07142857,12087.78571
3/12/23,79,1489,76.14285714,24175.57143,37.5,12082.21429
3/13/23,88,1005,75,24164.42857,37.14285714,11098.71429
3/14/23,92,13115,74.28571429,22197.42857,37.57142857,10334.92857
3/15/23,108,20174,75.14285714,20669.85714,38.07142857,7249.357143
3/16/23,94,137629,76.14285714,14498.71429,38.57142857,13112.35714
3/17/23,71,54460,77.14285714,26224.71429,38,16276.57143
3/18/23,65,18756,76,32553.14286,37,17509.92857
3/19/23,67,1175,74,35019.85714,35.5,17522.07143
3/20/23,150,1424,71,35044.14286,39.64285714,16687
3/21/23,131,9787,79.28571429,33374,41.28571429,15945.07143
3/22/23,107,18373,82.57142857,31890.14286,42.21428571,7426.785714
3/23/23,89,51812,84.42857143,14853.57143,43.5,7237.642857
3/24/23,99,45146,87,14475.28571,45.92857143,9122.642857